country,customers,revenue,avg_revenue,churn_rate,failed_payments
United Kingdom,3555,23125.21,6.504981715893108,15.780590717299578,4250
United States,1229,7826.89,6.368502847843776,15.785191212367778,1478
Germany,1218,7704.88,6.325845648604269,16.174055829228244,1361
Australia,974,6467.57,6.6402156057494865,14.887063655030802,1166
Japan,969,6332.66,6.535252837977296,14.654282765737875,1164
Singapore,776,5234.07,6.744935567010309,15.463917525773196,1013
France,805,5207.03,6.468360248447205,15.77639751552795,964
Canada,474,3190.18,6.730337552742616,16.244725738396625,604
