plan,customers,revenue,avg_revenue,churn_rate
Gold,1584,18370.4,11.597474747474749,13.383838383838384
Basic,5679,16714.18,2.94315548512062,17.591125198098258
Platinum,840,15583.12,18.551333333333336,12.261904761904761
Silver,1897,14420.79,7.601892461781761,13.12598840274117
