age_group,customers,revenue,avg_revenue,churn_rate,avg_transactions
18-24,1488,9777.85,6.571135752688172,15.188172043010754,29.702956989247312
25-34,2199,14425.74,6.560136425648022,17.053206002728512,29.585266030013642
35-49,3147,20317.32,6.456091515729266,15.316174134095965,29.740387670797585
50-64,2944,19225.86,6.530523097826087,15.319293478260871,29.76256793478261
